Id;Stanice;TUDU;Km;GPS
7;Chornice;1911G1;40.5;MDSYS.SDO_GEOMETRY(2001,8307,MDSYS.SDO_POINT_TYPE(16.7456994448768,49.6760733328925,'null'),'null','null')
1;Trutnov hl.n.;1401O1;124.8;MDSYS.SDO_GEOMETRY(2001,8307,MDSYS.SDO_POINT_TYPE(15.9061605554157,50.567672777772,'null'),'null','null')
8;Meziho¯Ì;191114;43.8;MDSYS.SDO_GEOMETRY(2001,8307,MDSYS.SDO_POINT_TYPE(16.7420797220866,49.7032899999619,'null'),'null','null')
9;Nectava;191128;36.9;MDSYS.SDO_GEOMETRY(2001,8307,MDSYS.SDO_POINT_TYPE(16.7804597218831,49.6574047221078,'null'),'null','null')
10;äubÌ¯ov;191112;32.4;MDSYS.SDO_GEOMETRY(2001,8307,MDSYS.SDO_POINT_TYPE(16.8173749999868,49.6268058331807,'null'),'null','null')
11;JevÌËko;2021B1;6.1;MDSYS.SDO_GEOMETRY(2001,8307,MDSYS.SDO_POINT_TYPE(16.7299691666497,49.6323680559794,'null'),'null','null')
12;Biskupice u Jev.;202102;3.6;MDSYS.SDO_GEOMETRY(2001,8307,MDSYS.SDO_POINT_TYPE(16.7449427774217,49.6496991666158,'null'),'null','null')
14;MÏsteËko Trn·vka;1911H1;45.8;MDSYS.SDO_GEOMETRY(2001,8307,MDSYS.SDO_POINT_TYPE(16.724750000106,49.714437221951,'null'),'null','null')
15;Rozst·nÌ;191116;47.6;MDSYS.SDO_GEOMETRY(2001,8307,MDSYS.SDO_POINT_TYPE(16.7302966668871,49.7281947220696,'null'),'null','null')
16;MladÏjov na M.;1911K1;66.4;MDSYS.SDO_GEOMETRY(2001,8307,MDSYS.SDO_POINT_TYPE(16.5885072220696,49.8260391669803,'null'),'null','null')
17;Anensk· Stud·nka;191122;70.8;MDSYS.SDO_GEOMETRY(2001,8307,MDSYS.SDO_POINT_TYPE(16.5565416664547,49.8545577780406,'null'),'null','null')
18;KunËina;191118;61;MDSYS.SDO_GEOMETRY(2001,8307,MDSYS.SDO_POINT_TYPE(16.6379505554835,49.7962866666582,'null'),'null','null')
19;TrpÌk;191122;69.3;MDSYS.SDO_GEOMETRY(2001,8307,MDSYS.SDO_POINT_TYPE(16.5696647222837,49.8451622221205,'null'),'null','null')
20;Moravsk· T¯ebov·;1911I1;56.6;MDSYS.SDO_GEOMETRY(2001,8307,MDSYS.SDO_POINT_TYPE(16.6663583331638,49.7668486111032,'null'),'null','null')
21;Linhartice;191116;52.5;MDSYS.SDO_GEOMETRY(2001,8307,MDSYS.SDO_POINT_TYPE(16.7129055553012,49.7519238889217,'null'),'null','null')
22;Kr·lovec st.hr.;165116;62.1;MDSYS.SDO_GEOMETRY(2001,8307,MDSYS.SDO_POINT_TYPE(15.9847186111079,50.6862305556403,'null'),'null','null')
23;Lichkov st.hr.;130238;113.2;MDSYS.SDO_GEOMETRY(2001,8307,MDSYS.SDO_POINT_TYPE(16.6911761109034,50.0985025003221,'null'),'null','null')
24;MezimÏstÌ st.hr.;156126;92.8;MDSYS.SDO_GEOMETRY(2001,8307,MDSYS.SDO_POINT_TYPE(16.2203291667832,50.6363586110539,'null'),'null','null')
26;P¯ev˝öov;1301E1;18.3;MDSYS.SDO_GEOMETRY(2001,8307,MDSYS.SDO_POINT_TYPE(15.407177500195,50.1523847222328,'null'),'null','null')
27;Chlumec n.C.;1301F1;22.8;MDSYS.SDO_GEOMETRY(2001,8307,MDSYS.SDO_POINT_TYPE(15.4580369446013,50.1632452774048,'null'),'null','null')
28;N.MÏsto n.C.;1302B1;3.8;MDSYS.SDO_GEOMETRY(2001,8307,MDSYS.SDO_POINT_TYPE(15.5037719445758,50.150406666663,'null'),'null','null')
29;K·ranice;1302C1;8.1;MDSYS.SDO_GEOMETRY(2001,8307,MDSYS.SDO_POINT_TYPE(15.5616813892788,50.1551597224342,'null'),'null','null')
30;Dob¯enice;1302D1;14.9;MDSYS.SDO_GEOMETRY(2001,8307,MDSYS.SDO_POINT_TYPE(15.6559783331553,50.159619167116,'null'),'null','null')
31;Kratonohy;130206;11.6;MDSYS.SDO_GEOMETRY(2001,8307,MDSYS.SDO_POINT_TYPE(15.6106338893043,50.1575299999449,'null'),'null','null')
32;Lhota p.LibË.;130208;17.9;MDSYS.SDO_GEOMETRY(2001,8307,MDSYS.SDO_POINT_TYPE(15.6959311114417,50.1666344441308,'null'),'null','null')
33;PraskaËka;1302E1;20.6;MDSYS.SDO_GEOMETRY(2001,8307,MDSYS.SDO_POINT_TYPE(15.7323555554284,50.1754058334562,'null'),'null','null')
34;Hradec Kr·lovÈ hl.n.;1302F1;22.4;MDSYS.SDO_GEOMETRY(2001,8307,MDSYS.SDO_POINT_TYPE(15.8103944439358,50.2165480560727,'null'),'null','null')
35;Hr.Kr·lovÈ-Kukleny;130240;26.3;MDSYS.SDO_GEOMETRY(2001,8307,MDSYS.SDO_POINT_TYPE(15.7981227779388,50.2020636110836,'null'),'null','null')
36;Hr.Kr·lovÈ-Sl.P¯.;1302G1;32.2;MDSYS.SDO_GEOMETRY(2001,8307,MDSYS.SDO_POINT_TYPE(15.856356944508,50.2219441668193,'null'),'null','null')
37;Hr.Kr·lovÈ zast.;130212;30.9;MDSYS.SDO_GEOMETRY(2001,8307,MDSYS.SDO_POINT_TYPE(15.8413827779558,50.2224400001102,'null'),'null','null')
38;T¯ebechovice p.Or.;1302H1;41.4;MDSYS.SDO_GEOMETRY(2001,8307,MDSYS.SDO_POINT_TYPE(15.9786252774133,50.2015016667048,'null'),'null','null')
39;Bleöno;130214;37.7;MDSYS.SDO_GEOMETRY(2001,8307,MDSYS.SDO_POINT_TYPE(15.9358952776591,50.2147327772776,'null'),'null','null')
40;T˝niötÏ n.Orl.;1302I1;49.8;MDSYS.SDO_GEOMETRY(2001,8307,MDSYS.SDO_POINT_TYPE(16.0746638891432,50.1543658333355,'null'),'null','null')
41;Petrov.n.Orl.;130216;46.9;MDSYS.SDO_GEOMETRY(2001,8307,MDSYS.SDO_POINT_TYPE(16.046060555776,50.1737433332867,'null'),'null','null')
42;»astolovice;1302J1;57.7;MDSYS.SDO_GEOMETRY(2001,8307,MDSYS.SDO_POINT_TYPE(16.173788333469,50.1284544446733,'null'),'null','null')
43;»estice;130218;55.8;MDSYS.SDO_GEOMETRY(2001,8307,MDSYS.SDO_POINT_TYPE(16.1477783330282,50.1303372224172,'null'),'null','null')
44;»astolovice zast.;131102;1.2;MDSYS.SDO_GEOMETRY(2001,8307,MDSYS.SDO_POINT_TYPE(16.190552500089,50.1276386112637,'null'),'null','null')
45;Synkov;131102;3.8;MDSYS.SDO_GEOMETRY(2001,8307,MDSYS.SDO_POINT_TYPE(16.2182458333174,50.1392919445038,'null'),'null','null')
46;Kostelec n.Orl.;1302K1;61.7;MDSYS.SDO_GEOMETRY(2001,8307,MDSYS.SDO_POINT_TYPE(16.2215169445674,50.117670833336,'null'),'null','null')
47;Kostelec n.Orl.m.;130220;60.3;MDSYS.SDO_GEOMETRY(2001,8307,MDSYS.SDO_POINT_TYPE(16.2054519446691,50.1197322222922,'null'),'null','null')
48;Doudleby n.Orl.;1302L1;64.3;MDSYS.SDO_GEOMETRY(2001,8307,MDSYS.SDO_POINT_TYPE(16.2602294445038,50.1090866671668,'null'),'null','null')
49;Z·mÏl;130224;67.3;MDSYS.SDO_GEOMETRY(2001,8307,MDSYS.SDO_POINT_TYPE(16.2970486111111,50.100170277771,'null'),'null','null')
50;Potötejn;1302M1;69.7;MDSYS.SDO_GEOMETRY(2001,8307,MDSYS.SDO_POINT_TYPE(16.315278055403,50.083793611096,'null'),'null','null')
51;Sopotnice;130226;72.4;MDSYS.SDO_GEOMETRY(2001,8307,MDSYS.SDO_POINT_TYPE(16.3404080555174,50.0705022221141,'null'),'null','null')
52;Litice n.Orl.;1302N1;75.1;MDSYS.SDO_GEOMETRY(2001,8307,MDSYS.SDO_POINT_TYPE(16.3581136110094,50.0871774999301,'null'),'null','null')
53;Bohousov·;130228;76.9;MDSYS.SDO_GEOMETRY(2001,8307,MDSYS.SDO_POINT_TYPE(16.379663611518,50.090854722129,'null'),'null','null')
54;éamberk;1302O1;83;MDSYS.SDO_GEOMETRY(2001,8307,MDSYS.SDO_POINT_TYPE(16.4524122222265,50.0732994445165,'null'),'null','null')
55;Letohrad;1302P1;90;MDSYS.SDO_GEOMETRY(2001,8307,MDSYS.SDO_POINT_TYPE(16.5103013886346,50.0305930550893,'null'),'null','null')
56;Lukavice v ».;130230;87.1;MDSYS.SDO_GEOMETRY(2001,8307,MDSYS.SDO_POINT_TYPE(16.4840536110931,50.0493725003136,'null'),'null','null')
57;VermÏ¯ovice;130232;95.1;MDSYS.SDO_GEOMETRY(2001,8307,MDSYS.SDO_POINT_TYPE(16.5576969443427,50.0114811113146,'null'),'null','null')
58;D.DobrouË;159102;3.6;MDSYS.SDO_GEOMETRY(2001,8307,MDSYS.SDO_POINT_TYPE(16.4743555556403,50.0125719441308,'null'),'null','null')
59;Hn·tnice;159102;5.2;MDSYS.SDO_GEOMETRY(2001,8307,MDSYS.SDO_POINT_TYPE(16.4615124999152,50.0016933333874,'null'),'null','null')
60;Lanöperk;1591B1;6.6;MDSYS.SDO_GEOMETRY(2001,8307,MDSYS.SDO_POINT_TYPE(16.4468294440375,49.9924047226376,'null'),'null','null')
61;D.Libchavy;159104;10.7;MDSYS.SDO_GEOMETRY(2001,8307,MDSYS.SDO_POINT_TYPE(16.397113333808,49.9893902778626,'null'),'null','null')
62;JablonnÈ n.Orl.;1302Q1;99.3;MDSYS.SDO_GEOMETRY(2001,8307,MDSYS.SDO_POINT_TYPE(16.5946341662937,50.0263833332062,'null'),'null','null')
63;JamnÈ n.Orl.;130234;101;MDSYS.SDO_GEOMETRY(2001,8307,MDSYS.SDO_POINT_TYPE(16.6027122222053,50.0400455554326,'null'),'null','null')
64;TÏchonÌn;1302R1;104.7;MDSYS.SDO_GEOMETRY(2001,8307,MDSYS.SDO_POINT_TYPE(16.6076977777481,50.068518055545,'null'),'null','null')
65;Lichkov;1302S1;110.8;MDSYS.SDO_GEOMETRY(2001,8307,MDSYS.SDO_POINT_TYPE(16.6601855553521,50.0975605551402,'null'),'null','null')
66;»ernovÌr;159104;8.4;MDSYS.SDO_GEOMETRY(2001,8307,MDSYS.SDO_POINT_TYPE(16.4270452774896,49.987050277657,'null'),'null','null')
67;Mladkov;130236;108.2;MDSYS.SDO_GEOMETRY(2001,8307,MDSYS.SDO_POINT_TYPE(16.6297769440545,50.0922416665819,'null'),'null','null')
68;D.Lipka;1331E1;90.3;MDSYS.SDO_GEOMETRY(2001,8307,MDSYS.SDO_POINT_TYPE(16.7212086110645,50.0894427776337,'null'),'null','null')
69;Prost¯ednÌ Lipka;133108;86.6;MDSYS.SDO_GEOMETRY(2001,8307,MDSYS.SDO_POINT_TYPE(16.7543219444487,50.0989888890584,'null'),'null','null')
70;»erven˝ Potok;1331D1;84.2;MDSYS.SDO_GEOMETRY(2001,8307,MDSYS.SDO_POINT_TYPE(16.7837199999889,50.104725833469,'null'),'null','null')
71;ÿeËany n.L.;1501L1;326.2;MDSYS.SDO_GEOMETRY(2001,8307,MDSYS.SDO_POINT_TYPE(15.4772408337063,50.0316102780236,'null'),'null','null')
72;Kr·lÌky zast.;134102;2.1;MDSYS.SDO_GEOMETRY(2001,8307,MDSYS.SDO_POINT_TYPE(16.7488958337572,50.0867200001081,'null'),'null','null')
73;Kojice;150124;332.2;MDSYS.SDO_GEOMETRY(2001,8307,MDSYS.SDO_POINT_TYPE(15.397082778083,50.0408755556742,'null'),'null','null')
74;Kr·lÌky;1341C1;3.1;MDSYS.SDO_GEOMETRY(2001,8307,MDSYS.SDO_POINT_TYPE(16.7560841666328,50.0812872219086,'null'),'null','null')
75;Chvaletice;150124;330.6;MDSYS.SDO_GEOMETRY(2001,8307,MDSYS.SDO_POINT_TYPE(15.4189125000106,50.037471666601,'null'),'null','null')
76;D.Orlice;134106;4.9;MDSYS.SDO_GEOMETRY(2001,8307,MDSYS.SDO_POINT_TYPE(16.7473630555471,50.0656041664547,'null'),'null','null')
77;P¯elouË;1501K3;319.1;MDSYS.SDO_GEOMETRY(2001,8307,MDSYS.SDO_POINT_TYPE(15.5764122221205,50.0390702777439,'null'),'null','null')
78;»erven· Voda;1341D1;7.3;MDSYS.SDO_GEOMETRY(2001,8307,MDSYS.SDO_POINT_TYPE(16.7464894443088,50.047165555954,'null'),'null','null')
79;Lhota p.P¯el.;150122;322.7;MDSYS.SDO_GEOMETRY(2001,8307,MDSYS.SDO_POINT_TYPE(15.5276075002882,50.0367441667451,'null'),'null','null')
80;Moravsk˝ Karlov;1341E1;9.8;MDSYS.SDO_GEOMETRY(2001,8307,MDSYS.SDO_POINT_TYPE(16.7527938887808,50.0265594440036,'null'),'null','null')
81;Valy u P¯el.;150146;316.1;MDSYS.SDO_GEOMETRY(2001,8307,MDSYS.SDO_POINT_TYPE(15.6143291664124,50.0318891663022,'null'),'null','null')
82;BÌl· Voda;1341F1;10.9;MDSYS.SDO_GEOMETRY(2001,8307,MDSYS.SDO_POINT_TYPE(16.7476069439782,50.0173502777682,'null'),'null','null')
83;Ml˝nick˝ Dv˘r;134112;12.5;MDSYS.SDO_GEOMETRY(2001,8307,MDSYS.SDO_POINT_TYPE(16.7477841663361,50.004427500036,'null'),'null','null')
84;Broumov;1562C1;10;MDSYS.SDO_GEOMETRY(2001,8307,MDSYS.SDO_POINT_TYPE(16.3453183333079,50.5695516665777,'null'),'null','null')
85;Pardubice hl.n.;1501J1;305.7;MDSYS.SDO_GEOMETRY(2001,8307,MDSYS.SDO_POINT_TYPE(15.7595755555895,50.0316555553012,'null'),'null','null')
86;Pardubice-OpoËÌnek;150120;312.1;MDSYS.SDO_GEOMETRY(2001,8307,MDSYS.SDO_POINT_TYPE(15.6683738888635,50.0306108336978,'null'),'null','null')
87;Otovice zast.;156206;14.7;MDSYS.SDO_GEOMETRY(2001,8307,MDSYS.SDO_POINT_TYPE(16.3869930556085,50.560096666548,'null'),'null','null')
88;Pardubice-SvÌtkov;150120;308.1;MDSYS.SDO_GEOMETRY(2001,8307,MDSYS.SDO_POINT_TYPE(15.7240075000127,50.0319411108229,'null'),'null','null')
89;Otovice;156206;13.5;MDSYS.SDO_GEOMETRY(2001,8307,MDSYS.SDO_POINT_TYPE(16.3720158333249,50.5611805555556,'null'),'null','null')
90;Pardubice-Pardub.;150118;303.5;MDSYS.SDO_GEOMETRY(2001,8307,MDSYS.SDO_POINT_TYPE(15.7893444442749,50.0312197219001,'null'),'null','null')
91;Broumov-OlivÏtÌn;1562B1;6.9;MDSYS.SDO_GEOMETRY(2001,8307,MDSYS.SDO_POINT_TYPE(16.3284388891856,50.6077216667599,'null'),'null','null')
92;KostÏnice;1501I1;295.3;MDSYS.SDO_GEOMETRY(2001,8307,MDSYS.SDO_POINT_TYPE(15.8977691671583,50.0128127776252,'null'),'null','null')
93;Pardubice-».za B.;150118;300.4;MDSYS.SDO_GEOMETRY(2001,8307,MDSYS.SDO_POINT_TYPE(15.8306191666921,50.0274116664463,'null'),'null','null')
94;Moravany;1501H1;291.7;MDSYS.SDO_GEOMETRY(2001,8307,MDSYS.SDO_POINT_TYPE(15.9473352781932,50.0019994444317,'null'),'null','null')
95;Uhersko;1501G1;286.5;MDSYS.SDO_GEOMETRY(2001,8307,MDSYS.SDO_POINT_TYPE(16.0159316666921,49.9871819443173,'null'),'null','null')
96;Z·mrsk;1501F1;279.7;MDSYS.SDO_GEOMETRY(2001,8307,MDSYS.SDO_POINT_TYPE(16.1135980553097,49.9954788886176,'null'),'null','null')
97;SedlÌöùka;150112;282.9;MDSYS.SDO_GEOMETRY(2001,8307,MDSYS.SDO_POINT_TYPE(16.0641680558523,49.9900916666455,'null'),'null','null')
98;MezimÏstÌ;1561M1;90.8;MDSYS.SDO_GEOMETRY(2001,8307,MDSYS.SDO_POINT_TYPE(16.2423883332147,50.6265200000339,'null'),'null','null')
99;Dob¯Ìkov u Choc.;150110;277.7;MDSYS.SDO_GEOMETRY(2001,8307,MDSYS.SDO_POINT_TYPE(16.1363716665904,49.9957716666328,'null'),'null','null')
100;HynËice;156202;3.3;MDSYS.SDO_GEOMETRY(2001,8307,MDSYS.SDO_POINT_TYPE(16.2887797223197,50.6243133332994,'null'),'null','null')
101;Ruprechtice;156202;1.8;MDSYS.SDO_GEOMETRY(2001,8307,MDSYS.SDO_POINT_TYPE(16.2680491667324,50.6248627779219,'null'),'null','null')
102;B¯ezov· u Broum.;156122;87.5;MDSYS.SDO_GEOMETRY(2001,8307,MDSYS.SDO_POINT_TYPE(16.2347930555873,50.6048605553309,'null'),'null','null')
103;BohdaöÌn;156122;85.5;MDSYS.SDO_GEOMETRY(2001,8307,MDSYS.SDO_POINT_TYPE(16.2107949998644,50.5968819448683,'null'),'null','null')
104;Teplice n.Met.;1561K1;82.4;MDSYS.SDO_GEOMETRY(2001,8307,MDSYS.SDO_POINT_TYPE(16.1794199996524,50.582052499983,'null'),'null','null')
105;».Metuje;156118;78.3;MDSYS.SDO_GEOMETRY(2001,8307,MDSYS.SDO_POINT_TYPE(16.1847080555227,50.552324722343,'null'),'null','null')
106;DÏdov;156120;79.4;MDSYS.SDO_GEOMETRY(2001,8307,MDSYS.SDO_POINT_TYPE(16.1879269446267,50.5616505559285,'null'),'null','null')
107;Police n.Met.;1561I1;72.9;MDSYS.SDO_GEOMETRY(2001,8307,MDSYS.SDO_POINT_TYPE(16.2120313888126,50.5115733337402,'null'),'null','null')
108;éÔ·r n.Met.;156118;75.7;MDSYS.SDO_GEOMETRY(2001,8307,MDSYS.SDO_POINT_TYPE(16.2041300000085,50.537393055492,'null'),'null','null')
109;ChoceÚ;1501E1;271;MDSYS.SDO_GEOMETRY(2001,8307,MDSYS.SDO_POINT_TYPE(16.2232972224553,49.9936461109585,'null'),'null','null')
110;Hronov;1561H1;67.4;MDSYS.SDO_GEOMETRY(2001,8307,MDSYS.SDO_POINT_TYPE(16.1783483335707,50.4702219443851,'null'),'null','null')
111;Sruby;150110;275.1;MDSYS.SDO_GEOMETRY(2001,8307,MDSYS.SDO_POINT_TYPE(16.1711002779007,49.9898388889101,'null'),'null','null')
112;Hronov zast.;156116;69.5;MDSYS.SDO_GEOMETRY(2001,8307,MDSYS.SDO_POINT_TYPE(16.1860611110263,50.4900919442707,'null'),'null','null')
113;Dvo¯isko;158108;2.5;MDSYS.SDO_GEOMETRY(2001,8307,MDSYS.SDO_POINT_TYPE(16.1921052779092,49.9842477777931,'null'),'null','null')
114;N·chod;1561G1;60.1;MDSYS.SDO_GEOMETRY(2001,8307,MDSYS.SDO_POINT_TYPE(16.1758569441901,50.4182850000593,'null'),'null','null')
115;Brand˝s n.Orl.;1501D3;266.2;MDSYS.SDO_GEOMETRY(2001,8307,MDSYS.SDO_POINT_TYPE(16.2840502778027,50.000228611115,'null'),'null','null')
116;N·chod-MalÈ Po¯ÌËÌ;156114;63.7;MDSYS.SDO_GEOMETRY(2001,8307,MDSYS.SDO_POINT_TYPE(16.1926319440206,50.4415786112679,'null'),'null','null')
117;V.Po¯ÌËÌ;156114;65.5;MDSYS.SDO_GEOMETRY(2001,8307,MDSYS.SDO_POINT_TYPE(16.1854802778032,50.4570830557081,'null'),'null','null')
118;Bezpr·vÌ;150106;262.3;MDSYS.SDO_GEOMETRY(2001,8307,MDSYS.SDO_POINT_TYPE(16.332210000356,49.99764111095,'null'),'null','null')
119;N·chod-BÏloves;156114;62;MDSYS.SDO_GEOMETRY(2001,8307,MDSYS.SDO_POINT_TYPE(16.1919638888041,50.4269036112891,'null'),'null','null')
120;⁄stÌ n.Orl.;1501C1;256.6;MDSYS.SDO_GEOMETRY(2001,8307,MDSYS.SDO_POINT_TYPE(16.3779625002543,49.9711488887999,'null'),'null','null')
121;N·chod zast.;156112;58.4;MDSYS.SDO_GEOMETRY(2001,8307,MDSYS.SDO_POINT_TYPE(16.1521255555418,50.4084813891517,'null'),'null','null')
122;⁄stÌ n.Orl.m.;150104;255.3;MDSYS.SDO_GEOMETRY(2001,8307,MDSYS.SDO_POINT_TYPE(16.3944827779134,49.9689088887639,'null'),'null','null')
123;V·clavice;1561F1;54.8;MDSYS.SDO_GEOMETRY(2001,8307,MDSYS.SDO_POINT_TYPE(16.121465555297,50.3953986114926,'null'),'null','null')
124;N.MÏsto n.Met.;1561E1;49.8;MDSYS.SDO_GEOMETRY(2001,8307,MDSYS.SDO_POINT_TYPE(16.1367980554369,50.3564074998432,'null'),'null','null')
125;Vrchoviny;156110;51.8;MDSYS.SDO_GEOMETRY(2001,8307,MDSYS.SDO_POINT_TYPE(16.14001027796,50.3709363889694,'null'),'null','null')
126;Bohuslavice n.Met.;1561D1;45.3;MDSYS.SDO_GEOMETRY(2001,8307,MDSYS.SDO_POINT_TYPE(16.0931808333927,50.3267808331384,'null'),'null','null')
127;».T¯ebov·;1501A1;245.9;MDSYS.SDO_GEOMETRY(2001,8307,MDSYS.SDO_POINT_TYPE(16.4493575000763,49.8962163893382,'null'),'null','null')
128;»ernËice;156108;46.2;MDSYS.SDO_GEOMETRY(2001,8307,MDSYS.SDO_POINT_TYPE(16.1055177778668,50.3344433333476,'null'),'null','null')
129;Dlouh· T¯ebov·;1501B1;250.9;MDSYS.SDO_GEOMETRY(2001,8307,MDSYS.SDO_POINT_TYPE(16.4216986110475,49.937675277657,'null'),'null','null')
130;OpoËno p.Orl.h.;1561C1;39.1;MDSYS.SDO_GEOMETRY(2001,8307,MDSYS.SDO_POINT_TYPE(16.0857619444529,50.2788458336724,'null'),'null','null')
131;T¯ebovice v ».;1901B1;6.2;MDSYS.SDO_GEOMETRY(2001,8307,MDSYS.SDO_POINT_TYPE(16.4969430552589,49.8583369445801,'null'),'null','null')
132;Bohuslav.n.M.zast.;156106;43.1;MDSYS.SDO_GEOMETRY(2001,8307,MDSYS.SDO_POINT_TYPE(16.079554444419,50.3119205559624,'null'),'null','null')
133;Rudoltice v ».;1901C1;14.4;MDSYS.SDO_GEOMETRY(2001,8307,MDSYS.SDO_POINT_TYPE(16.571836944686,49.8927380551232,'null'),'null','null')
134;Poho¯Ì;156106;40.7;MDSYS.SDO_GEOMETRY(2001,8307,MDSYS.SDO_POINT_TYPE(16.0788869444529,50.2914530558056,'null'),'null','null')
135;éichlÌnek;190106;21.4;MDSYS.SDO_GEOMETRY(2001,8307,MDSYS.SDO_POINT_TYPE(16.6551302777396,49.8603352779812,'null'),'null','null')
136;KrasÌkov;1901D1;23.8;MDSYS.SDO_GEOMETRY(2001,8307,MDSYS.SDO_POINT_TYPE(16.6869558334351,49.8488658332825,'null'),'null','null')
137;Tatenice;190108;25.7;MDSYS.SDO_GEOMETRY(2001,8307,MDSYS.SDO_POINT_TYPE(16.7055147224002,49.8553077777227,'null'),'null','null')
138;Lukov· u Rud.v ».;190106;17.1;MDSYS.SDO_GEOMETRY(2001,8307,MDSYS.SDO_POINT_TYPE(16.6045755555895,49.8800838883718,'null'),'null','null')
139;Dobruöka;1571A1;0;MDSYS.SDO_GEOMETRY(2001,8307,MDSYS.SDO_POINT_TYPE(16.1519386111365,50.2896805556615,'null'),'null','null')
140;Dobruöka-Pulice;1571B1;2.5;MDSYS.SDO_GEOMETRY(2001,8307,MDSYS.SDO_POINT_TYPE(16.1213141669167,50.2844327777624,'null'),'null','null')
141;Bolehoöù;1561B1;31.6;MDSYS.SDO_GEOMETRY(2001,8307,MDSYS.SDO_POINT_TYPE(16.0647191662259,50.2170483333204,'null'),'null','null')
142;OËelice;156104;34.8;MDSYS.SDO_GEOMETRY(2001,8307,MDSYS.SDO_POINT_TYPE(16.0632302782271,50.243522222307,'null'),'null','null')
143;Borohr·dek;1491D1;16.3;MDSYS.SDO_GEOMETRY(2001,8307,MDSYS.SDO_POINT_TYPE(16.0855547222826,50.0969422223833,'null'),'null','null')
144;éÔ·r n.Orl.;149108;19.1;MDSYS.SDO_GEOMETRY(2001,8307,MDSYS.SDO_POINT_TYPE(16.0672161111236,50.1191199999385,'null'),'null','null')
145;»ermn· n.Orl.;1491C1;11;MDSYS.SDO_GEOMETRY(2001,8307,MDSYS.SDO_POINT_TYPE(16.1358150000042,50.0647627777523,'null'),'null','null')
146;⁄jezd u Choc.;1491B1;6.1;MDSYS.SDO_GEOMETRY(2001,8307,MDSYS.SDO_POINT_TYPE(16.1778644445207,50.0322408337063,'null'),'null','null')
147;Plch˘vky;149104;7.5;MDSYS.SDO_GEOMETRY(2001,8307,MDSYS.SDO_POINT_TYPE(16.1620391665565,50.0388658332825,'null'),'null','null')
148;Solnice;1311C1;15.4;MDSYS.SDO_GEOMETRY(2001,8307,MDSYS.SDO_POINT_TYPE(16.253959722254,50.2043255554305,'null'),'null','null')
149;Solnice zast·vka;131106;14.9;MDSYS.SDO_GEOMETRY(2001,8307,MDSYS.SDO_POINT_TYPE(16.2561591667599,50.2002961111069,'null'),'null','null')
150;Rychnov n.KnÏû.;1311B1;8.7;MDSYS.SDO_GEOMETRY(2001,8307,MDSYS.SDO_POINT_TYPE(16.2740336110857,50.1573444445928,'null'),'null','null')
151;Rychnov n.Kn.zast.;131104;9.7;MDSYS.SDO_GEOMETRY(2001,8307,MDSYS.SDO_POINT_TYPE(16.2707683332761,50.1663722218408,'null'),'null','null')
152;Slemeno;131102;5.7;MDSYS.SDO_GEOMETRY(2001,8307,MDSYS.SDO_POINT_TYPE(16.2420755555895,50.1469238885244,'null'),'null','null')
153;Rokytnice v Orl.h.;1321E1;19.5;MDSYS.SDO_GEOMETRY(2001,8307,MDSYS.SDO_POINT_TYPE(16.4665875000424,50.1600433328417,'null'),'null','null')
155;Vamberk;1321B1;2.6;MDSYS.SDO_GEOMETRY(2001,8307,MDSYS.SDO_POINT_TYPE(16.2805391671922,50.1163858328925,'null'),'null','null')
156;Slatina n.ZdobnicÌ;1321C1;10.6;MDSYS.SDO_GEOMETRY(2001,8307,MDSYS.SDO_POINT_TYPE(16.377078332901,50.1368461110857,'null'),'null','null')
157;Rybn· n.ZdobnicÌ;132104;7.4;MDSYS.SDO_GEOMETRY(2001,8307,MDSYS.SDO_POINT_TYPE(16.3431463887956,50.1274469439189,'null'),'null','null')
158;Peklo n.ZdobnicÌ;132104;4.4;MDSYS.SDO_GEOMETRY(2001,8307,MDSYS.SDO_POINT_TYPE(16.3056730556488,50.1220630555683,'null'),'null','null')
159;Opatov;2002M1;235.7;MDSYS.SDO_GEOMETRY(2001,8307,MDSYS.SDO_POINT_TYPE(16.4879058334563,49.8130011113485,'null'),'null','null')
160;SemanÌn;200226;239.5;MDSYS.SDO_GEOMETRY(2001,8307,MDSYS.SDO_POINT_TYPE(16.4738827779558,49.8442211108738,'null'),'null','null')
161;Svitavy;2002L1;229.4;MDSYS.SDO_GEOMETRY(2001,8307,MDSYS.SDO_POINT_TYPE(16.4795391665565,49.7586377779643,'null'),'null','null')
162;Svitavy-LaËnov;200224;233.2;MDSYS.SDO_GEOMETRY(2001,8307,MDSYS.SDO_POINT_TYPE(16.4869711110327,49.7921683332655,'null'),'null','null')
163;Svitavy zast.;201120;2.4;MDSYS.SDO_GEOMETRY(2001,8307,MDSYS.SDO_POINT_TYPE(16.4550125000212,49.7635088888804,'null'),'null','null')
164;Pardubice-Ros.n.L.;1612A3;2.7;MDSYS.SDO_GEOMETRY(2001,8307,MDSYS.SDO_POINT_TYPE(15.7429144446055,50.0448497221205,'null'),'null','null')
165;Pardubice z·vodiö.;161122;90;MDSYS.SDO_GEOMETRY(2001,8307,MDSYS.SDO_POINT_TYPE(15.7509191666709,50.0245094442368,'null'),'null','null')
166;St.JesenËany;161122;86.8;MDSYS.SDO_GEOMETRY(2001,8307,MDSYS.SDO_POINT_TYPE(15.7570736111535,50.0001866666642,'null'),'null','null')
167;Chrudim;1611J1;80.5;MDSYS.SDO_GEOMETRY(2001,8307,MDSYS.SDO_POINT_TYPE(15.7870352776845,49.9479736116197,'null'),'null','null')
168;Medleöice;1611K1;83.9;MDSYS.SDO_GEOMETRY(2001,8307,MDSYS.SDO_POINT_TYPE(15.7667833333297,49.9762033335368,'null'),'null','null')
169;Chrudim zast.;161136;81.9;MDSYS.SDO_GEOMETRY(2001,8307,MDSYS.SDO_POINT_TYPE(15.7809372223748,49.9593861113654,'null'),'null','null')
170;SlatiÚany;1611I1;76.2;MDSYS.SDO_GEOMETRY(2001,8307,MDSYS.SDO_POINT_TYPE(15.8249702776803,49.9189750001166,'null'),'null','null')
171;Chrast u Chrudimi;1611H1;68.5;MDSYS.SDO_GEOMETRY(2001,8307,MDSYS.SDO_POINT_TYPE(15.9125872219933,49.9009255555603,'null'),'null','null')
172;ZajeËice;161116;71.1;MDSYS.SDO_GEOMETRY(2001,8307,MDSYS.SDO_POINT_TYPE(15.879588889016,49.9005394444532,'null'),'null','null')
173;Horka u Chrudimi;161132;66;MDSYS.SDO_GEOMETRY(2001,8307,MDSYS.SDO_POINT_TYPE(15.9116780556573,49.8821552774641,'null'),'null','null')
174;éÔ·rec u SkutËe;1611G1;55.1;MDSYS.SDO_GEOMETRY(2001,8307,MDSYS.SDO_POINT_TYPE(15.9787802780999,49.8254149998559,'null'),'null','null')
175;Vrbat˘v Kostelec;161132;60.2;MDSYS.SDO_GEOMETRY(2001,8307,MDSYS.SDO_POINT_TYPE(15.9371630554729,49.8550275002586,'null'),'null','null')
176;ProsetÌn;161114;56.7;MDSYS.SDO_GEOMETRY(2001,8307,MDSYS.SDO_POINT_TYPE(15.9618933338589,49.8325497224596,'null'),'null','null')
177;Pok¯ikov;161110;48;MDSYS.SDO_GEOMETRY(2001,8307,MDSYS.SDO_POINT_TYPE(15.9813752778371,49.7935380554199,'null'),'null','null')
178;Hlinsko v ».;1611E3;39.4;MDSYS.SDO_GEOMETRY(2001,8307,MDSYS.SDO_POINT_TYPE(15.9007066666418,49.7662691667345,'null'),'null','null')
179;VojtÏchov;161110;47;MDSYS.SDO_GEOMETRY(2001,8307,MDSYS.SDO_POINT_TYPE(15.9719802776972,49.7920344442791,'null'),'null','null')
180;HoletÌn;161110;42.9;MDSYS.SDO_GEOMETRY(2001,8307,MDSYS.SDO_POINT_TYPE(15.9272969447242,49.7881280554665,'null'),'null','null')
183;Borov· u Pol.zast.;201108;26.8;MDSYS.SDO_GEOMETRY(2001,8307,MDSYS.SDO_POINT_TYPE(16.1745458332698,49.7318308332231,'null'),'null','null')
184;SkuteË;2011I1;49.5;MDSYS.SDO_GEOMETRY(2001,8307,MDSYS.SDO_POINT_TYPE(15.9941125000848,49.837443611092,'null'),'null','null')
185;P¯edhradÌ;201112;46.7;MDSYS.SDO_GEOMETRY(2001,8307,MDSYS.SDO_POINT_TYPE(16.018521111144,49.8242616664039,'null'),'null','null')
186;»achnov;2011F1;36.9;MDSYS.SDO_GEOMETRY(2001,8307,MDSYS.SDO_POINT_TYPE(16.0582522222731,49.7531325001187,'null'),'null','null')
187;Krouna;201112;40.7;MDSYS.SDO_GEOMETRY(2001,8307,MDSYS.SDO_POINT_TYPE(16.036846666601,49.7784483337402,'null'),'null','null')
188;Pust· Kamenice;201110;35.1;MDSYS.SDO_GEOMETRY(2001,8307,MDSYS.SDO_POINT_TYPE(16.0816875002119,49.7545530557632,'null'),'null','null')
189;PoliËka;2011D1;19.3;MDSYS.SDO_GEOMETRY(2001,8307,MDSYS.SDO_POINT_TYPE(16.2622130552928,49.7190627778901,'null'),'null','null')
190;Borov· u PoliËky;2011E1;28.4;MDSYS.SDO_GEOMETRY(2001,8307,MDSYS.SDO_POINT_TYPE(16.1615311113993,49.7431400002374,'null'),'null','null')
191;Old¯iö;201108;25.2;MDSYS.SDO_GEOMETRY(2001,8307,MDSYS.SDO_POINT_TYPE(16.1941727775998,49.728427500195,'null'),'null','null')
192;S·dek u PoliËky;201108;23.1;MDSYS.SDO_GEOMETRY(2001,8307,MDSYS.SDO_POINT_TYPE(16.2149274995592,49.7177947221862,'null'),'null','null')
193;PomezÌ zast.;201106;17.1;MDSYS.SDO_GEOMETRY(2001,8307,MDSYS.SDO_POINT_TYPE(16.2910366667642,49.7212272220188,'null'),'null','null')
194;PomezÌ;201106;14.5;MDSYS.SDO_GEOMETRY(2001,8307,MDSYS.SDO_POINT_TYPE(16.325455833541,49.7207416666879,'null'),'null','null')
195;KvÏtn·;2011C1;11.2;MDSYS.SDO_GEOMETRY(2001,8307,MDSYS.SDO_POINT_TYPE(16.3684966666169,49.729594722324,'null'),'null','null')
196;VendolÌ zast.;201104;8.6;MDSYS.SDO_GEOMETRY(2001,8307,MDSYS.SDO_POINT_TYPE(16.3954108333588,49.7366702776485,'null'),'null','null')
197;VendolÌ;201104;6.7;MDSYS.SDO_GEOMETRY(2001,8307,MDSYS.SDO_POINT_TYPE(16.4124705558353,49.7455130555895,'null'),'null','null')
198;Pus.Kamenice zast.;201110;34;MDSYS.SDO_GEOMETRY(2001,8307,MDSYS.SDO_POINT_TYPE(16.0928499995338,49.7524844445123,'null'),'null','null')
199;KvÏtn· zast.;201106;12.2;MDSYS.SDO_GEOMETRY(2001,8307,MDSYS.SDO_POINT_TYPE(16.3545094442368,49.7268658330706,'null'),'null','null')
200;Krouna zast.;201112;41.7;MDSYS.SDO_GEOMETRY(2001,8307,MDSYS.SDO_POINT_TYPE(16.0350308333503,49.7862608332104,'null'),'null','null')
201;Litomyöl zast.;158106;22.5;MDSYS.SDO_GEOMETRY(2001,8307,MDSYS.SDO_POINT_TYPE(16.2927747217814,49.8813172223833,'null'),'null','null')
202;Litomyöl;1581D1;23.7;MDSYS.SDO_GEOMETRY(2001,8307,MDSYS.SDO_POINT_TYPE(16.3048119444317,49.8744794442919,'null'),'null','null')
203;Litomyöl-NedoöÌn;158106;21.3;MDSYS.SDO_GEOMETRY(2001,8307,MDSYS.SDO_POINT_TYPE(16.279796110789,49.885842777888,'null'),'null','null')
204;Trûek;158106;19.7;MDSYS.SDO_GEOMETRY(2001,8307,MDSYS.SDO_POINT_TYPE(16.2595905558268,49.890036110878,'null'),'null','null')
205;ÿÌdk˝;158106;18.8;MDSYS.SDO_GEOMETRY(2001,8307,MDSYS.SDO_POINT_TYPE(16.2468591668871,49.8917525000042,'null'),'null','null')
206;Cerekvice n.LouË.;1581C1;15.2;MDSYS.SDO_GEOMETRY(2001,8307,MDSYS.SDO_POINT_TYPE(16.2077963887321,49.9053230555852,'null'),'null','null')
207;Cerekv.n.LouË.zast;158106;16.4;MDSYS.SDO_GEOMETRY(2001,8307,MDSYS.SDO_POINT_TYPE(16.218727777799,49.9009813888868,'null'),'null','null')
208;Hruöov·;158104;14.3;MDSYS.SDO_GEOMETRY(2001,8307,MDSYS.SDO_POINT_TYPE(16.1965925004747,49.9111705557505,'null'),'null','null')
209;Vys.M˝to;1581B1;7.8;MDSYS.SDO_GEOMETRY(2001,8307,MDSYS.SDO_POINT_TYPE(16.1471105554369,49.9555094443427,'null'),'null','null')
210;Dûb·nov;158104;12;MDSYS.SDO_GEOMETRY(2001,8307,MDSYS.SDO_POINT_TYPE(16.1740388891432,49.9253236113654,'null'),'null','null')
211;Vys.M˝to m.;158104;8.7;MDSYS.SDO_GEOMETRY(2001,8307,MDSYS.SDO_POINT_TYPE(16.1556891669167,49.9506583333016,'null'),'null','null')
212;Slatina u Vys.M˝ta;158110;4.8;MDSYS.SDO_GEOMETRY(2001,8307,MDSYS.SDO_POINT_TYPE(16.1633149994744,49.974985833168,'null'),'null','null')
213;Lanökroun;1921B1;4.1;MDSYS.SDO_GEOMETRY(2001,8307,MDSYS.SDO_POINT_TYPE(16.6036233332422,49.909349167082,'null'),'null','null')
221;JiËÌn;1061C3;17.5;MDSYS.SDO_GEOMETRY(2001,8307,MDSYS.SDO_POINT_TYPE(15.3616147221459,50.4278586112128,'null'),'null','null')
223;JiËÌn zast.;106302;2.7;MDSYS.SDO_GEOMETRY(2001,8307,MDSYS.SDO_POINT_TYPE(15.3809016662174,50.4505261111259,'null'),'null','null')
227;Butoves;1061B1;9.5;MDSYS.SDO_GEOMETRY(2001,8307,MDSYS.SDO_POINT_TYPE(15.425421388944,50.3881786113315,'null'),'null','null')
228;Holice;1551B1;38.7;MDSYS.SDO_GEOMETRY(2001,8307,MDSYS.SDO_POINT_TYPE(15.9927533329858,50.0697330554326,'null'),'null','null')
229;VitinÏves;106104;13.1;MDSYS.SDO_GEOMETRY(2001,8307,MDSYS.SDO_POINT_TYPE(15.3807288890415,50.3993594445123,'null'),'null','null')
230;Holice zast.;155104;42.4;MDSYS.SDO_GEOMETRY(2001,8307,MDSYS.SDO_POINT_TYPE(16.0344091666407,50.0818766668108,'null'),'null','null')
231;KovaË;106102;6.2;MDSYS.SDO_GEOMETRY(2001,8307,MDSYS.SDO_POINT_TYPE(15.4692836109797,50.392342499627,'null'),'null','null')
232;RoveÚ;155102;33.7;MDSYS.SDO_GEOMETRY(2001,8307,MDSYS.SDO_POINT_TYPE(15.9696630554729,50.0289794445038,'null'),'null','null')
233;OstromÏ¯;1401E1;49.1;MDSYS.SDO_GEOMETRY(2001,8307,MDSYS.SDO_POINT_TYPE(15.5456841670142,50.3691605554687,'null'),'null','null')
234;PlatÏnice;155102;31.3;MDSYS.SDO_GEOMETRY(2001,8307,MDSYS.SDO_POINT_TYPE(15.961494167116,50.0090477773878,'null'),'null','null')
235;Vojice;106102;4;MDSYS.SDO_GEOMETRY(2001,8307,MDSYS.SDO_POINT_TYPE(15.4980230553945,50.3844233333402,'null'),'null','null')
236;Chrudim m.;1531B1;13.5;MDSYS.SDO_GEOMETRY(2001,8307,MDSYS.SDO_POINT_TYPE(15.7904783333672,49.9575622224808,'null'),'null','null')
237;SobËice;106102;2.2;MDSYS.SDO_GEOMETRY(2001,8307,MDSYS.SDO_POINT_TYPE(15.5185474999746,50.3754024998347,'null'),'null','null')
238;Vejvanovice;153106;20.6;MDSYS.SDO_GEOMETRY(2001,8307,MDSYS.SDO_POINT_TYPE(15.8733047220442,49.9730336109797,'null'),'null','null')
239;⁄h¯etice;1531C1;19.7;MDSYS.SDO_GEOMETRY(2001,8307,MDSYS.SDO_POINT_TYPE(15.8625291665395,49.9773316669464,'null'),'null','null')
240;Ho¯ice v Podkrk.;1631E1;26.3;MDSYS.SDO_GEOMETRY(2001,8307,MDSYS.SDO_POINT_TYPE(15.6333519444449,50.3559827778074,'null'),'null','null')
241;TunÏchody;153104;18.6;MDSYS.SDO_GEOMETRY(2001,8307,MDSYS.SDO_POINT_TYPE(15.8497611109416,49.9744536113739,'null'),'null','null')
242;Dobr· Voda u Ho¯.;1631F1;28.6;MDSYS.SDO_GEOMETRY(2001,8307,MDSYS.SDO_POINT_TYPE(15.6097444449531,50.345911110772,'null'),'null','null')
243;Topol;153104;16.7;MDSYS.SDO_GEOMETRY(2001,8307,MDSYS.SDO_POINT_TYPE(15.8321688885159,49.9675855555799,'null'),'null','null')
245;Bylany;153102;8.2;MDSYS.SDO_GEOMETRY(2001,8307,MDSYS.SDO_POINT_TYPE(15.7328941663106,49.9559988890754,'null'),'null','null')
247;Hroch˘v T˝nec;1531D1;23.8;MDSYS.SDO_GEOMETRY(2001,8307,MDSYS.SDO_POINT_TYPE(15.9078174999025,49.9662994448344,'null'),'null','null')
248;Cerekvice n.Byst¯.;163108;18.9;MDSYS.SDO_GEOMETRY(2001,8307,MDSYS.SDO_POINT_TYPE(15.7168297222257,50.3255152776506,'null'),'null','null')
249;Bo¯ice;153108;26;MDSYS.SDO_GEOMETRY(2001,8307,MDSYS.SDO_POINT_TYPE(15.9222466664844,49.9804816669888,'null'),'null','null')
250;Sadov·;1631C1;14.3;MDSYS.SDO_GEOMETRY(2001,8307,MDSYS.SDO_POINT_TYPE(15.6943516667684,50.2957694445716,'null'),'null','null')
251;HnÏvËeves;1631D1;17.1;MDSYS.SDO_GEOMETRY(2001,8307,MDSYS.SDO_POINT_TYPE(15.7209244444635,50.3109580559201,'null'),'null','null')
252;Dohalice;163104;12.3;MDSYS.SDO_GEOMETRY(2001,8307,MDSYS.SDO_POINT_TYPE(15.6958069441054,50.2829747221205,'null'),'null','null')
253;Vöestary;1631B1;5.6;MDSYS.SDO_GEOMETRY(2001,8307,MDSYS.SDO_POINT_TYPE(15.7647375000848,50.2524825000763,'null'),'null','null')
254;DlouhÈ Dvory;163104;8.8;MDSYS.SDO_GEOMETRY(2001,8307,MDSYS.SDO_POINT_TYPE(15.7259605556064,50.2616858334012,'null'),'null','null')
255;PlotiötÏ n.L.;163102;2.8;MDSYS.SDO_GEOMETRY(2001,8307,MDSYS.SDO_POINT_TYPE(15.7926252778371,50.2349055555132,'null'),'null','null')
256;Lib·Ú;111102;4;MDSYS.SDO_GEOMETRY(2001,8307,MDSYS.SDO_POINT_TYPE(15.2154813893636,50.3563925001356,'null'),'null','null')
257;Ledkov;111102;1.6;MDSYS.SDO_GEOMETRY(2001,8307,MDSYS.SDO_POINT_TYPE(15.2358330554432,50.3446202776167,'null'),'null','null')
258;JenÌkovice;154104;9.9;MDSYS.SDO_GEOMETRY(2001,8307,MDSYS.SDO_POINT_TYPE(15.6560836108526,49.9810388893551,'null'),'null','null')
259;DÏtenice;1111C1;7.7;MDSYS.SDO_GEOMETRY(2001,8307,MDSYS.SDO_POINT_TYPE(15.1760547224681,50.3731877777312,'null'),'null','null')
260;He¯man˘v MÏstec;1541C1;13.5;MDSYS.SDO_GEOMETRY(2001,8307,MDSYS.SDO_POINT_TYPE(15.6583933332231,49.9516583332751,'null'),'null','null')
261;Osenice;111106;9.1;MDSYS.SDO_GEOMETRY(2001,8307,MDSYS.SDO_POINT_TYPE(15.1631897226969,50.3696686111556,'null'),'null','null')
262;Valy u P¯el.zast.;154102;3.1;MDSYS.SDO_GEOMETRY(2001,8307,MDSYS.SDO_POINT_TYPE(15.6139327780406,50.0308680555556,'null'),'null','null')
263;RokytÚany;111106;11.3;MDSYS.SDO_GEOMETRY(2001,8307,MDSYS.SDO_POINT_TYPE(15.1339233333535,50.3680130555895,'null'),'null','null')
264;VeselÌ u P¯el.;154102;5;MDSYS.SDO_GEOMETRY(2001,8307,MDSYS.SDO_POINT_TYPE(15.6233230553733,50.0171450000008,'null'),'null','null')
265;Choltice;1541B1;8.5;MDSYS.SDO_GEOMETRY(2001,8307,MDSYS.SDO_POINT_TYPE(15.6455433336894,49.9882230557336,'null'),'null','null')
266;Rozhovice;153102;5.6;MDSYS.SDO_GEOMETRY(2001,8307,MDSYS.SDO_POINT_TYPE(15.7100658331977,49.9698325000869,'null'),'null','null')
267;Kleöice;153102;3.2;MDSYS.SDO_GEOMETRY(2001,8307,MDSYS.SDO_POINT_TYPE(15.6843744444185,49.9654194439782,'null'),'null','null')
268;Prachovice;1541E3;21.2;MDSYS.SDO_GEOMETRY(2001,8307,MDSYS.SDO_POINT_TYPE(15.6331480556064,49.8929763889313,'null'),'null','null')
269;Kostelec u He¯.M.;1541D1;17.4;MDSYS.SDO_GEOMETRY(2001,8307,MDSYS.SDO_POINT_TYPE(15.6505680555767,49.9213072220484,'null'),'null','null')
271;Kostelec u H.M-P.;154106;16.3;MDSYS.SDO_GEOMETRY(2001,8307,MDSYS.SDO_POINT_TYPE(15.6492666668362,49.9286463885837,'null'),'null','null')
280;Ml˝nec;142108;21.8;MDSYS.SDO_GEOMETRY(2001,8307,MDSYS.SDO_POINT_TYPE(15.2210808332761,50.3177799999714,'null'),'null','null')
281;Kopidlno;1421E1;25.5;MDSYS.SDO_GEOMETRY(2001,8307,MDSYS.SDO_POINT_TYPE(15.2579305553436,50.3332425000932,'null'),'null','null')
282;Pöeves;142110;28.4;MDSYS.SDO_GEOMETRY(2001,8307,MDSYS.SDO_POINT_TYPE(15.2957722218831,50.3453022225698,'null'),'null','null')
284;JiËÌnÏves;142112;33.2;MDSYS.SDO_GEOMETRY(2001,8307,MDSYS.SDO_POINT_TYPE(15.3372016665671,50.3743463887109,'null'),'null','null')
285;NemyËeves;142112;36.4;MDSYS.SDO_GEOMETRY(2001,8307,MDSYS.SDO_POINT_TYPE(15.3605211109585,50.3873486110899,'null'),'null','null')
286;St.MÌsto u JiË.;1421H1;39;MDSYS.SDO_GEOMETRY(2001,8307,MDSYS.SDO_POINT_TYPE(15.3530433334245,50.4059197224511,'null'),'null','null')
287;Bartouöov zast.;142110;30.1;MDSYS.SDO_GEOMETRY(2001,8307,MDSYS.SDO_POINT_TYPE(15.3110663890839,50.3550022220612,'null'),'null','null')
288;Zachraöùany;140102;30;MDSYS.SDO_GEOMETRY(2001,8307,MDSYS.SDO_POINT_TYPE(15.4898399999407,50.2143422222137,'null'),'null','null')
289;LovËice o.;141102;6.1;MDSYS.SDO_GEOMETRY(2001,8307,MDSYS.SDO_POINT_TYPE(15.3819927777184,50.1705041665501,'null'),'null','null')
290;N.Bydûov;1401B1;33.5;MDSYS.SDO_GEOMETRY(2001,8307,MDSYS.SDO_POINT_TYPE(15.4856672223409,50.2445980559455,'null'),'null','null')
291;Lukov·;140102;27.3;MDSYS.SDO_GEOMETRY(2001,8307,MDSYS.SDO_POINT_TYPE(15.4868877776464,50.190165277587,'null'),'null','null')
292;Sk¯ivany;1401C1;36.6;MDSYS.SDO_GEOMETRY(2001,8307,MDSYS.SDO_POINT_TYPE(15.4992152775658,50.2723763889737,'null'),'null','null')
293;Smidary;1401D1;39.4;MDSYS.SDO_GEOMETRY(2001,8307,MDSYS.SDO_POINT_TYPE(15.4959138891432,50.2946844440036,'null'),'null','null')
294;Ohniöùany;140108;44.2;MDSYS.SDO_GEOMETRY(2001,8307,MDSYS.SDO_POINT_TYPE(15.5069524998135,50.3336258333259,'null'),'null','null')
295;L·znÏ BÏlohrad;1401G1;58.9;MDSYS.SDO_GEOMETRY(2001,8307,MDSYS.SDO_POINT_TYPE(15.5772530555725,50.4261800003052,'null'),'null','null')
296;ä·rovcova Lhota;140112;55.7;MDSYS.SDO_GEOMETRY(2001,8307,MDSYS.SDO_POINT_TYPE(15.5616775004069,50.4079119443893,'null'),'null','null')
297;H.Nov· Ves;140114;61.7;MDSYS.SDO_GEOMETRY(2001,8307,MDSYS.SDO_POINT_TYPE(15.5721180555556,50.4505763889021,'null'),'null','null')
298;Semonice;160120;37.1;MDSYS.SDO_GEOMETRY(2001,8307,MDSYS.SDO_POINT_TYPE(15.8774194441901,50.3316297223833,'null'),'null','null')
299;St.Paka;1401I1;74;MDSYS.SDO_GEOMETRY(2001,8307,MDSYS.SDO_POINT_TYPE(15.4843161111408,50.5166961111108,'null'),'null','null')
300;N.Paka;1401H1;69.6;MDSYS.SDO_GEOMETRY(2001,8307,MDSYS.SDO_POINT_TYPE(15.5236719444063,50.4860283332401,'null'),'null','null')
301;N.Paka m.;140116;70.8;MDSYS.SDO_GEOMETRY(2001,8307,MDSYS.SDO_POINT_TYPE(15.5126333332062,50.4946149995592,'null'),'null','null')
302;Borovnice;160116;73.9;MDSYS.SDO_GEOMETRY(2001,8307,MDSYS.SDO_POINT_TYPE(15.6041425000297,50.5093083328671,'null'),'null','null')
303;Mostek;1601H1;67.2;MDSYS.SDO_GEOMETRY(2001,8307,MDSYS.SDO_POINT_TYPE(15.6916938887702,50.4920569446352,'null'),'null','null')
304;BorovniËka;160116;69.9;MDSYS.SDO_GEOMETRY(2001,8307,MDSYS.SDO_POINT_TYPE(15.6588627778159,50.5000580555573,'null'),'null','null')
305;BÌl· T¯emeön·;1601G1;60.8;MDSYS.SDO_GEOMETRY(2001,8307,MDSYS.SDO_POINT_TYPE(15.7336233333415,50.4515275000201,'null'),'null','null')
306;Dv˘r Kr·lovÈ n.L.;1601F1;54.2;MDSYS.SDO_GEOMETRY(2001,8307,MDSYS.SDO_POINT_TYPE(15.7989755556318,50.4135863886939,'null'),'null','null')
309;JaromÏ¯;1601D1;39.7;MDSYS.SDO_GEOMETRY(2001,8307,MDSYS.SDO_POINT_TYPE(15.9110519440969,50.3418666664759,'null'),'null','null')
310;JaromÏ¯ zast.;160108;41.9;MDSYS.SDO_GEOMETRY(2001,8307,MDSYS.SDO_POINT_TYPE(15.9113033337063,50.357153055403,'null'),'null','null')
311;Rychnovek;165104;4.6;MDSYS.SDO_GEOMETRY(2001,8307,MDSYS.SDO_POINT_TYPE(15.9696886110306,50.3607219441732,'null'),'null','null')
312;Smi¯ice;1601C1;33.2;MDSYS.SDO_GEOMETRY(2001,8307,MDSYS.SDO_POINT_TYPE(15.8578913889991,50.2999819448259,'null'),'null','null')
313;»ernoûice;160120;35.2;MDSYS.SDO_GEOMETRY(2001,8307,MDSYS.SDO_POINT_TYPE(15.8695672223303,50.315513888465,'null'),'null','null')
314;Smi¯ice zast.;1641D1;10.6;MDSYS.SDO_GEOMETRY(2001,8307,MDSYS.SDO_POINT_TYPE(15.8445647218492,50.2931438891093,'null'),'null','null')
315;Sendraûice;164106;8.1;MDSYS.SDO_GEOMETRY(2001,8307,MDSYS.SDO_POINT_TYPE(15.815431110594,50.296105000178,'null'),'null','null')
316;RaËice n.Trot.;164104;5.6;MDSYS.SDO_GEOMETRY(2001,8307,MDSYS.SDO_POINT_TYPE(15.7919197220272,50.3123144446479,'null'),'null','null')
317;Ho¯inÏves;1641B1;2.6;MDSYS.SDO_GEOMETRY(2001,8307,MDSYS.SDO_POINT_TYPE(15.7533802776866,50.3127433331807,'null'),'null','null')
318;P¯edmÏ¯ice n.L.;1601B1;26.7;MDSYS.SDO_GEOMETRY(2001,8307,MDSYS.SDO_POINT_TYPE(15.81760083331,50.2535105554263,'null'),'null','null')
319;Lochenice;160104;29.1;MDSYS.SDO_GEOMETRY(2001,8307,MDSYS.SDO_POINT_TYPE(15.8245186111662,50.27311472204,'null'),'null','null')
320;Opatovice n.L.;1612C1;16.8;MDSYS.SDO_GEOMETRY(2001,8307,MDSYS.SDO_POINT_TYPE(15.7893058331807,50.1660983329349,'null'),'null','null')
321;StÈblov·;1612B1;9.6;MDSYS.SDO_GEOMETRY(2001,8307,MDSYS.SDO_POINT_TYPE(15.7576983335283,50.1045438888338,'null'),'null','null')
322;»eperka;161204;12.7;MDSYS.SDO_GEOMETRY(2001,8307,MDSYS.SDO_POINT_TYPE(15.7700011110306,50.1314813889398,'null'),'null','null')
323;KunËice n.L.;1401L1;97.1;MDSYS.SDO_GEOMETRY(2001,8307,MDSYS.SDO_POINT_TYPE(15.6223752779431,50.5840880555577,'null'),'null','null')
324;H.Brann·;140122;94.1;MDSYS.SDO_GEOMETRY(2001,8307,MDSYS.SDO_POINT_TYPE(15.5870272223155,50.5966972223918,'null'),'null','null')
325;Kl·ötersk· Lhota;140124;101.1;MDSYS.SDO_GEOMETRY(2001,8307,MDSYS.SDO_POINT_TYPE(15.6605655553606,50.5587255557378,'null'),'null','null')
326;HostinnÈ;1401M1;107.4;MDSYS.SDO_GEOMETRY(2001,8307,MDSYS.SDO_POINT_TYPE(15.7393277777566,50.5358572223451,'null'),'null','null')
327;HostinnÈ m.;140124;106;MDSYS.SDO_GEOMETRY(2001,8307,MDSYS.SDO_POINT_TYPE(15.7195002778371,50.5393258333206,'null'),'null','null')
328;ProseËnÈ;140124;104;MDSYS.SDO_GEOMETRY(2001,8307,MDSYS.SDO_POINT_TYPE(15.6960819445716,50.5475269444784,'null'),'null','null')
329;ChotÏvice;140126;111.3;MDSYS.SDO_GEOMETRY(2001,8307,MDSYS.SDO_POINT_TYPE(15.7598230552673,50.5190069444974,'null'),'null','null')
330;PilnÌkov;1401N1;115.6;MDSYS.SDO_GEOMETRY(2001,8307,MDSYS.SDO_POINT_TYPE(15.8126358328925,50.5340680555503,'null'),'null','null')
331;VlËice;140128;118;MDSYS.SDO_GEOMETRY(2001,8307,MDSYS.SDO_POINT_TYPE(15.8348491666052,50.5467597219679,'null'),'null','null')
332;Trutnov hl.n.;1401O1;124.8;MDSYS.SDO_GEOMETRY(2001,8307,MDSYS.SDO_POINT_TYPE(15.9096816666921,50.5659258333842,'null'),'null','null')
333;Trutnov-Po¯ÌËÌ;1651G1;47;MDSYS.SDO_GEOMETRY(2001,8307,MDSYS.SDO_POINT_TYPE(15.955086666743,50.5799244446225,'null'),'null','null')
334;Trutnov st¯.;1401P1;127.9;MDSYS.SDO_GEOMETRY(2001,8307,MDSYS.SDO_POINT_TYPE(15.9429599995083,50.5770691670312,'null'),'null','null')
335;Trutnov zast.;147102;1.1;MDSYS.SDO_GEOMETRY(2001,8307,MDSYS.SDO_POINT_TYPE(15.9599597220951,50.578068611357,'null'),'null','null')
336;Lhota u Trut.;147102;3.5;MDSYS.SDO_GEOMETRY(2001,8307,MDSYS.SDO_POINT_TYPE(15.9863580555386,50.5865594445335,'null'),'null','null')
337;Pet¯Ìkovice;147102;5.8;MDSYS.SDO_GEOMETRY(2001,8307,MDSYS.SDO_POINT_TYPE(16.0030833334393,50.6017397222254,'null'),'null','null')
338;Bohuslavice n.⁄pou;165112;43.2;MDSYS.SDO_GEOMETRY(2001,8307,MDSYS.SDO_POINT_TYPE(15.9788105551402,50.551051944428,'null'),'null','null')
339;LibeË;165114;49.4;MDSYS.SDO_GEOMETRY(2001,8307,MDSYS.SDO_POINT_TYPE(15.9462602774302,50.5963752778371,'null'),'null','null')
340;VrchlabÌ;1451B1;4.5;MDSYS.SDO_GEOMETRY(2001,8307,MDSYS.SDO_POINT_TYPE(15.6262727779812,50.6165183332231,'null'),'null','null')
341;Podh˘¯Ì;145102;2.3;MDSYS.SDO_GEOMETRY(2001,8307,MDSYS.SDO_POINT_TYPE(15.6245572222604,50.6005097222328,'null'),'null','null')
342;Svoboda n.⁄pou;1461C1;10;MDSYS.SDO_GEOMETRY(2001,8307,MDSYS.SDO_POINT_TYPE(15.8206777776612,50.6215869442622,'null'),'null','null')
343;MladÈ Buky;146104;7.6;MDSYS.SDO_GEOMETRY(2001,8307,MDSYS.SDO_POINT_TYPE(15.8412902779049,50.6070508331723,'null'),'null','null')
344;Kaln· Voda;1461B1;5.3;MDSYS.SDO_GEOMETRY(2001,8307,MDSYS.SDO_POINT_TYPE(15.8708188888762,50.600831666655,'null'),'null','null')
345;Trutnov-StarÈ m.;146102;3.9;MDSYS.SDO_GEOMETRY(2001,8307,MDSYS.SDO_POINT_TYPE(15.8816924995846,50.5910494444105,'null'),'null','null')
346;éaclÈ¯;148104;5;MDSYS.SDO_GEOMETRY(2001,8307,MDSYS.SDO_POINT_TYPE(15.9112311108907,50.6647208330366,'null'),'null','null')
347;Lampertice;148104;3;MDSYS.SDO_GEOMETRY(2001,8307,MDSYS.SDO_POINT_TYPE(15.9299661106533,50.6735822221968,'null'),'null','null')
348;Kr·lovec;1651H1;60.3;MDSYS.SDO_GEOMETRY(2001,8307,MDSYS.SDO_POINT_TYPE(15.9681080555916,50.6710369443893,'null'),'null','null')
349;Trutnov-Zel.Louka;146102;2.7;MDSYS.SDO_GEOMETRY(2001,8307,MDSYS.SDO_POINT_TYPE(15.8881750000848,50.5809380552504,'null'),'null','null')
350;Bernartice u Trut.;165114;57;MDSYS.SDO_GEOMETRY(2001,8307,MDSYS.SDO_POINT_TYPE(15.9588022221459,50.6471236112383,'null'),'null','null')
351;K¯enov;165114;54.5;MDSYS.SDO_GEOMETRY(2001,8307,MDSYS.SDO_POINT_TYPE(15.9355472221639,50.6381344445546,'null'),'null','null')
352;Radvanice;1471C1;12.3;MDSYS.SDO_GEOMETRY(2001,8307,MDSYS.SDO_POINT_TYPE(16.05975777732,50.5754244444105,'null'),'null','null')
353;ChvaleË;1471B1;8.7;MDSYS.SDO_GEOMETRY(2001,8307,MDSYS.SDO_POINT_TYPE(16.0380400000678,50.5994147226546,'null'),'null','null')
354;Janovice u Trut.;1471D1;16.7;MDSYS.SDO_GEOMETRY(2001,8307,MDSYS.SDO_POINT_TYPE(16.0855658332507,50.5860386112001,'null'),'null','null')
355;Adröpach;1471E1;24.7;MDSYS.SDO_GEOMETRY(2001,8307,MDSYS.SDO_POINT_TYPE(16.1263530551063,50.6154088889228,'null'),'null','null')
356;Hodkovice u Trut.;147108;18.9;MDSYS.SDO_GEOMETRY(2001,8307,MDSYS.SDO_POINT_TYPE(16.0720186111662,50.6047274997499,'null'),'null','null')
357;H.Adröpach;147108;21.4;MDSYS.SDO_GEOMETRY(2001,8307,MDSYS.SDO_POINT_TYPE(16.0830872217814,50.6232000001272,'null'),'null','null')
358;Teplice n.M.sk·ly;147110;28.2;MDSYS.SDO_GEOMETRY(2001,8307,MDSYS.SDO_POINT_TYPE(16.1497158336639,50.5969483333164,'null'),'null','null')
359;Teplice n.M.mest.;147112;30.3;MDSYS.SDO_GEOMETRY(2001,8307,MDSYS.SDO_POINT_TYPE(16.1722986110052,50.5930972226461,'null'),'null','null')
360;MalÈ SvatoÚovice;1651F1;35.4;MDSYS.SDO_GEOMETRY(2001,8307,MDSYS.SDO_POINT_TYPE(16.0487305556403,50.5304108333588,'null'),'null','null')
361;Suchovröice;165112;39.7;MDSYS.SDO_GEOMETRY(2001,8307,MDSYS.SDO_POINT_TYPE(16.0054941664802,50.5323805554708,'null'),'null','null')
362;V.SvatoÚovice;165112;38.1;MDSYS.SDO_GEOMETRY(2001,8307,MDSYS.SDO_POINT_TYPE(16.0222208335665,50.5404866668913,'null'),'null','null')
363;RtynÏ v Podkrk.;165110;33.1;MDSYS.SDO_GEOMETRY(2001,8307,MDSYS.SDO_POINT_TYPE(16.0730891667472,50.5157519446479,'null'),'null','null')
364;»erven˝ Kostelec;1651E1;28.2;MDSYS.SDO_GEOMETRY(2001,8307,MDSYS.SDO_POINT_TYPE(16.0755194446776,50.4853761111365,'null'),'null','null')
365;RtynÏ v Podk.zast.;165110;30.7;MDSYS.SDO_GEOMETRY(2001,8307,MDSYS.SDO_POINT_TYPE(16.0912750000424,50.4995516671075,'null'),'null','null')
366;Oleönice;165108;25;MDSYS.SDO_GEOMETRY(2001,8307,MDSYS.SDO_POINT_TYPE(16.084246944454,50.4573922220866,'null'),'null','null')
367;StarkoË;1651D1;18.4;MDSYS.SDO_GEOMETRY(2001,8307,MDSYS.SDO_POINT_TYPE(16.0983299997118,50.4114833333757,'null'),'null','null')
368;ÿeöetova Lhota;165108;21.3;MDSYS.SDO_GEOMETRY(2001,8307,MDSYS.SDO_POINT_TYPE(16.1029113888741,50.4304649999407,'null'),'null','null')
369;».Skalice;1651C1;12.2;MDSYS.SDO_GEOMETRY(2001,8307,MDSYS.SDO_POINT_TYPE(16.0537077776591,50.3947511111365,'null'),'null','null')
370;V.Jesenice;165104;8.9;MDSYS.SDO_GEOMETRY(2001,8307,MDSYS.SDO_POINT_TYPE(16.0251475000381,50.3730194446776,'null'),'null','null')
371;Pardubice-SemtÌn;161202;4.7;MDSYS.SDO_GEOMETRY(2001,8307,MDSYS.SDO_POINT_TYPE(15.7482672225104,50.0619788890415,'null'),'null','null')
372;PlaËice;1302T1;23.9;MDSYS.SDO_GEOMETRY(2001,8307,MDSYS.SDO_POINT_TYPE(15.775026111073,50.1876402778096,'null'),'null','null')
373;Z·dulka;2002O1;240.5;MDSYS.SDO_GEOMETRY(2001,8307,MDSYS.SDO_POINT_TYPE(16.4755052778456,49.8563541666667,'null'),'null','null')
374;Les;1883B1;4.3;MDSYS.SDO_GEOMETRY(2001,8307,MDSYS.SDO_POINT_TYPE(16.4768150001102,49.8652611107296,'null'),'null','null')
377;RaËice n.Tr.n·kl.;1641C1;6.4;MDSYS.SDO_GEOMETRY(2001,8307,MDSYS.SDO_POINT_TYPE(15.7985074996948,50.3073177777396,'null'),'null','null')